"Name","CASRN","Chemical.ID.number","C.elegans_response_0.5_uM","C.elegans_response_1.0_uM","C.elegans_response_5.0_uM","C.elegans_response_10_uM","C.elegans_response_50_uM","C.elegans_response_100_uM","C.elegans_response_200_uM"
"Cyanamide","420-04-2",34490,5.907811788,5.955980234,6.01267374,5.998144534,5.963630192,6.014988741,5.920053598
"Urea","57-13-6",21426,5.826716379,5.732630489,5.786862239,5.695927106,5.768529676,5.860561541,5.743399358
"Ethanolamine","141-43-5",22000,5.860733759,5.866098348,5.79193301,5.733596325,5.747739511,5.759291924,5.760932562
"Boric acid","10043-35-3",20194,6.060643329,6.069856787,6.080132855,6.132193271,6.135529064,6.184615214,5.954198751
"Ethylene glycol","107-21-1",20597,5.790527793,5.774048519,5.77211726,5.776138656,5.720741601,5.634453588,5.647530732
